{
        "Sage": {
            "dropout_rate": 0.2708735820797842,
            "num_heads": 2,
            "num_layers": 2,
            "hidden_channels": 64,
            "out_channels": 256,
            "batch_size": 32,
            "learning_rate": 0.0005914751288840719,
            "weight_decay": 0.004501372047540779
        },
        "GAT": {
            "dropout_rate": 0.5708539326992143,
            "num_heads": 2,
            "num_layers": 2,
            "hidden_channels": 256,
            "out_channels": 32,
            "batch_size": 16,
            "learning_rate": 0.0008136666209823939,
            "weight_decay": 0.0016367600710144945
        },
        "GATv2": {
            "dropout_rate": 0.32511105639312776,
            "num_heads": 2,
            "num_layers": 2,
            "hidden_channels": 128,
            "out_channels": 32,
            "batch_size": 32,
            "learning_rate": 0.0008985980422159728,
            "weight_decay": 0.012338189013806096
        },
        "GCN": {
            "dropout_rate": 0.5708539326992143,
            "num_heads": 2,
            "num_layers": 2,
            "hidden_channels": 256,
            "out_channels": 32,
            "batch_size": 16,
            "learning_rate": 0.0008136666209823939,
            "weight_decay": 0.0016367600710144945
        },
        "GIN": {
            "dropout_rate": 0.5870218349640528,
            "num_heads": 4,
            "num_layers": 2,
            "hidden_channels": 64,
            "out_channels": 32,
            "batch_size": 32,
            "learning_rate": 0.0006933939124163391,
            "weight_decay": 0.03896589558617413
        },
        "MLP": {
            "dropout_rate": 0.4681725952781887,
            "num_heads": 4,
            "num_layers": 2,
            "hidden_channels": 64,
            "out_channels": 256,
            "batch_size": 32,
            "learning_rate": 0.0002830535562371548,
            "weight_decay": 0.0015084984304815953
        }
    }
