{
    "best_hyperparameters": {
        "batch_size": 32,
        "dropout_rate": 0.11085002613666868,
        "learning_rate": 0.003441521378421694,
        "max_epochs": 200,
        "num_heads": 2,
        "patience": 30,
        "weight_decay": 0.006732012443425214
    }
}
                    